{
  "chrF": 15.988238018691073,
  "rougeL": 0.10216560545105874
}