{
  "chrF": 20.884837837589842,
  "rougeL": 0.12482799240161561
}