{
  "chrF": 17.991021768521975,
  "rougeL": 0.11800581593018954
}