{
  "chrF": 20.543954407512338,
  "rougeL": 0.14488117388237232
}